{"cameraMode":{"drawMode":0,"name":"Shaded","section":"Shading Mode"},"sceneLighting":false,"audioPlay":false,"sceneViewState":{"showFog":true,"showMaterialUpdate":false,"showSkybox":false,"showFlares":true,"showImageEffects":true,"showParticleSystems":true},"in2DMode":false,"pivot":{"x":5.392822265625,"y":3.01171875,"z":10.02627944946289},"rotation":{"x":-0.5862242579460144,"y":-0.2869721055030823,"z":0.23339863121509553,"w":-0.7207786440849304},"size":3.1366095542907717,"orthographic":false}