{"cameraMode":{"drawMode":0,"name":"Shaded","section":"Shading Mode"},"sceneLighting":false,"audioPlay":false,"sceneViewState":{"showFog":true,"showMaterialUpdate":false,"showSkybox":false,"showFlares":true,"showImageEffects":true,"showParticleSystems":true},"in2DMode":false,"pivot":{"x":5.371634006500244,"y":-0.6130401492118836,"z":10.190091133117676},"rotation":{"x":0.5003127455711365,"y":-0.4996984302997589,"z":0.4997023940086365,"w":0.5002979636192322},"size":0.542170524597168,"orthographic":true}