{"cameraMode":{"drawMode":0,"name":"Shaded","section":"Shading Mode"},"sceneLighting":false,"audioPlay":false,"sceneViewState":{"showFog":true,"showMaterialUpdate":false,"showSkybox":false,"showFlares":true,"showImageEffects":true,"showParticleSystems":true},"in2DMode":false,"pivot":{"x":6.094758033752441,"y":-0.7136796712875366,"z":2.91791033744812},"rotation":{"x":0.46831822395324709,"y":-0.5300591588020325,"z":0.4686868488788605,"w":0.5292696356773377},"size":9.964765548706055,"orthographic":true}