{"cameraMode":{"drawMode":0,"name":"Shaded","section":"Shading Mode"},"sceneLighting":false,"audioPlay":false,"sceneViewState":{"showFog":true,"showMaterialUpdate":false,"showSkybox":false,"showFlares":true,"showImageEffects":true,"showParticleSystems":true},"in2DMode":false,"pivot":{"x":7.795074462890625,"y":-0.240234375,"z":5.418036937713623},"rotation":{"x":0.4978402853012085,"y":-0.5020285844802856,"z":0.5101915001869202,"w":0.48979875445365908},"size":10.034988403320313,"orthographic":true}