{"cameraMode":{"drawMode":0,"name":"Shaded","section":"Shading Mode"},"sceneLighting":false,"audioPlay":false,"sceneViewState":{"showFog":true,"showMaterialUpdate":false,"showSkybox":false,"showFlares":true,"showImageEffects":true,"showParticleSystems":true},"in2DMode":false,"pivot":{"x":-1.2879031896591187,"y":-1.6930084228515626,"z":0.7496762275695801},"rotation":{"x":0.7039195895195007,"y":-4.6751154059165859e-9,"z":3.1485875240377939e-8,"w":0.7102828025817871},"size":2.239515781402588,"orthographic":true}