{"cameraMode":{"drawMode":0,"name":"Shaded","section":"Shading Mode"},"sceneLighting":false,"audioPlay":false,"sceneViewState":{"showFog":true,"showMaterialUpdate":false,"showSkybox":false,"showFlares":true,"showImageEffects":true,"showParticleSystems":true},"in2DMode":false,"pivot":{"x":6.289539337158203,"y":1.22265625,"z":4.444394588470459},"rotation":{"x":0.5001936554908752,"y":-0.49988195300102236,"z":0.5004450678825378,"w":0.49955207109451296},"size":5.565108299255371,"orthographic":true}